{
  "name": "jasmine-jquery",
  "version": "2.1.0",
  "main": "lib/jasmine-jquery.js",
  "ignore": [
    "test",
    "vendor",
    ".*",
    "HISTORY.md",
    "SpecRunner.html"
  ],
  "dependencies": {
    "jasmine": ">=2",
    "jquery": ">=2"
  },
  "_release": "2.1.0",
  "_resolution": {
    "type": "version",
    "tag": "2.1.0",
    "commit": "a951eb21faab6816bb8f205dc266ae6781aa9b72"
  },
  "_source": "git://npmjs.europe.intranet:6789/jasmine-jquery",
  "_target": "2.1.0",
  "_originalSource": "jasmine-jquery"
}