{
  "name": "theguide-ribbon",
  "version": "0.0.9",
  "description": "A contextuel navigation bar with key products(first level) and their top tasks (second level).",
  "owners": [
    "The Guide"
  ],
  "dependencies": {
    "angular-animate": "1.2.25",
    "spectingular-core": "latest",
    "the-guide-styles": "ssh://git@stash.europe.intranet:7999/bow/bower-the-guide-styles.git#master",
    "theguide-split-list": "latest",
    "theguide-utils": "latest"
  },
  "moduleName": "tgRibbon",
  "moduleType": [
    "globals"
  ],
  "keywords": [
    "ribbon",
    "navigation",
    "navbar"
  ],
  "ignore": [],
  "newStyle": true,
  "main": "theguide-ribbon.js",
  "_release": "0.0.9",
  "_resolution": {
    "type": "version",
    "tag": "v0.0.9",
    "commit": "e73637d7a2e1e11ce6424dd81e2ad35b64599b1f"
  },
  "_source": "ssh://git@stash.europe.intranet:7999/bow/bower-theguide-ribbon.git",
  "_target": "*",
  "_originalSource": "theguide-ribbon"
}