{
  "name": "theguide-radio",
  "version": "0.1.7",
  "owners": [
    "The Guide"
  ],
  "description": "Radiobuttons is the perfect choice of input field when you have some preset values",
  "dependencies": {
    "angular-animate": "1.2.25",
    "spectingular-core": "latest",
    "the-guide-styles": "ssh://git@stash.europe.intranet:7999/bow/bower-the-guide-styles.git#master"
  },
  "moduleName": "tgRadio",
  "keywords": [
    "tg-radio",
    "radiobutton",
    "radio"
  ],
  "ignore": [],
  "newStyle": true,
  "main": "theguide-radio.js",
  "_release": "0.1.7",
  "_resolution": {
    "type": "version",
    "tag": "v0.1.7",
    "commit": "0149f4387d49e6e03347c674e1136d277e51cf8d"
  },
  "_source": "ssh://git@stash.europe.intranet:7999/bow/bower-theguide-radio.git",
  "_target": "*",
  "_originalSource": "theguide-radio"
}